{"1": {"global_step": 356, "best_epoch": 1, "acc": 0.018000000000000002, "best_acc": 0.018000000000000002, "loss": 4.7925394016705205, "epoch_time": 213.0307354927063}, "2": {"global_step": 712, "best_epoch": 2, "acc": 0.0325, "best_acc": 0.0325, "loss": 4.133875963225793, "epoch_time": 212.61886835098267}, "3": {"global_step": 1068, "best_epoch": 3, "acc": 0.07, "best_acc": 0.07, "loss": 3.5989613589945804, "epoch_time": 212.72063732147217}, "4": {"global_step": 1424, "best_epoch": 4, "acc": 0.11, "best_acc": 0.11, "loss": 3.1337535833584123, "epoch_time": 212.7370147705078}, "5": {"global_step": 1780, "best_epoch": 5, "acc": 0.1455, "best_acc": 0.1455, "loss": 2.7734829168808592, "epoch_time": 212.7880356311798}, "6": {"global_step": 2136, "best_epoch": 6, "acc": 0.173, "best_acc": 0.173, "loss": 2.4972209471455784, "epoch_time": 212.88514733314514}, "7": {"global_step": 2492, "best_epoch": 6, "acc": 0.162, "best_acc": 0.173, "loss": 2.2816105024114752, "epoch_time": 212.81403589248657}, "8": {"global_step": 2848, "best_epoch": 6, "acc": 0.16749999999999998, "best_acc": 0.173, "loss": 2.102227646193017, "epoch_time": 212.79755282402039}, "9": {"global_step": 3204, "best_epoch": 9, "acc": 0.1925, "best_acc": 0.1925, "loss": 1.9471569155394035, "epoch_time": 212.75858092308044}, "10": {"global_step": 3560, "best_epoch": 9, "acc": 0.1925, "best_acc": 0.1925, "loss": 1.8168760650545317, "epoch_time": 212.76491522789001}, "11": {"global_step": 3916, "best_epoch": 9, "acc": 0.1815, "best_acc": 0.1925, "loss": 1.704063202383851, "epoch_time": 212.8429765701294}, "12": {"global_step": 4272, "best_epoch": 12, "acc": 0.193, "best_acc": 0.193, "loss": 1.6082785933606383, "epoch_time": 212.94505143165588}, "13": {"global_step": 4628, "best_epoch": 12, "acc": 0.1875, "best_acc": 0.193, "loss": 1.5217427656399818, "epoch_time": 212.72262811660767}, "14": {"global_step": 4984, "best_epoch": 14, "acc": 0.212, "best_acc": 0.212, "loss": 1.4476601307203374, "epoch_time": 212.7875270843506}, "15": {"global_step": 5340, "best_epoch": 14, "acc": 0.209, "best_acc": 0.212, "loss": 1.379527912861868, "epoch_time": 212.72396969795227}, "16": {"global_step": 5696, "best_epoch": 14, "acc": 0.212, "best_acc": 0.212, "loss": 1.3190496140625245, "epoch_time": 212.72745561599731}, "17": {"global_step": 6052, "best_epoch": 14, "acc": 0.2, "best_acc": 0.212, "loss": 1.2631193347622964, "epoch_time": 212.8298897743225}, "18": {"global_step": 6408, "best_epoch": 14, "acc": 0.2095, "best_acc": 0.212, "loss": 1.213107848185434, "epoch_time": 212.82914662361145}, "19": {"global_step": 6764, "best_epoch": 19, "acc": 0.2125, "best_acc": 0.2125, "loss": 1.1676619310601295, "epoch_time": 212.67056226730347}, "20": {"global_step": 7120, "best_epoch": 20, "acc": 0.22799999999999998, "best_acc": 0.22799999999999998, "loss": 1.1247551069413757, "epoch_time": 212.77676677703857}, "21": {"global_step": 7476, "best_epoch": 20, "acc": 0.1765, "best_acc": 0.22799999999999998, "loss": 1.096659361335415, "epoch_time": 212.52512288093567}, "22": {"global_step": 7832, "best_epoch": 20, "acc": 0.188, "best_acc": 0.22799999999999998, "loss": 1.0707010878920076, "epoch_time": 212.63759660720825}, "23": {"global_step": 8188, "best_epoch": 20, "acc": 0.21, "best_acc": 0.22799999999999998, "loss": 1.0443987646652568, "epoch_time": 212.6929748058319}, "24": {"global_step": 8544, "best_epoch": 20, "acc": 0.217, "best_acc": 0.22799999999999998, "loss": 1.0205774776874528, "epoch_time": 212.65075135231018}, "25": {"global_step": 8900, "best_epoch": 20, "acc": 0.2245, "best_acc": 0.22799999999999998, "loss": 0.9949229428731952, "epoch_time": 212.51354384422302}, "26": {"global_step": 9256, "best_epoch": 20, "acc": 0.222, "best_acc": 0.22799999999999998, "loss": 0.9726335717375811, "epoch_time": 212.51393222808838}, "27": {"global_step": 9612, "best_epoch": 20, "acc": 0.22399999999999998, "best_acc": 0.22799999999999998, "loss": 0.9504388523919635, "epoch_time": 212.62827563285828}, "28": {"global_step": 9968, "best_epoch": 20, "acc": 0.225, "best_acc": 0.22799999999999998, "loss": 0.9289929044920205, "epoch_time": 212.6560275554657}, "29": {"global_step": 10324, "best_epoch": 29, "acc": 0.23149999999999998, "best_acc": 0.23149999999999998, "loss": 0.9089078210674232, "epoch_time": 212.5528838634491}, "30": {"global_step": 10680, "best_epoch": 29, "acc": 0.217, "best_acc": 0.23149999999999998, "loss": 0.8894077558834315, "epoch_time": 212.9762680530548}, "31": {"global_step": 11036, "best_epoch": 31, "acc": 0.2405, "best_acc": 0.2405, "loss": 0.870230617358557, "epoch_time": 212.88751745224}, "32": {"global_step": 11392, "best_epoch": 32, "acc": 0.242, "best_acc": 0.242, "loss": 0.8537478084088209, "epoch_time": 212.97028827667236}, "33": {"global_step": 11748, "best_epoch": 32, "acc": 0.238, "best_acc": 0.242, "loss": 0.8370447612798351, "epoch_time": 212.99237775802612}, "34": {"global_step": 12104, "best_epoch": 32, "acc": 0.217, "best_acc": 0.242, "loss": 0.8213058877820199, "epoch_time": 212.8057894706726}, "35": {"global_step": 12460, "best_epoch": 32, "acc": 0.2375, "best_acc": 0.242, "loss": 0.805099064350034, "epoch_time": 212.81885743141174}, "36": {"global_step": 12816, "best_epoch": 32, "acc": 0.23349999999999999, "best_acc": 0.242, "loss": 0.7907410453117608, "epoch_time": 212.83398389816284}, "37": {"global_step": 13172, "best_epoch": 37, "acc": 0.248, "best_acc": 0.248, "loss": 0.7762717341634677, "epoch_time": 212.82725882530212}, "38": {"global_step": 13528, "best_epoch": 37, "acc": 0.2395, "best_acc": 0.248, "loss": 0.7617891297699696, "epoch_time": 212.9580900669098}, "39": {"global_step": 13884, "best_epoch": 37, "acc": 0.2375, "best_acc": 0.248, "loss": 0.747191540781735, "epoch_time": 212.8505687713623}, "40": {"global_step": 14240, "best_epoch": 37, "acc": 0.2395, "best_acc": 0.248, "loss": 0.7341422407105342, "epoch_time": 212.7432165145874}, "41": {"global_step": 14596, "best_epoch": 37, "acc": 0.247, "best_acc": 0.248, "loss": 0.7214916764525187, "epoch_time": 212.86395859718323}, "42": {"global_step": 14952, "best_epoch": 42, "acc": 0.253, "best_acc": 0.253, "loss": 0.7097644970851242, "epoch_time": 212.92635536193848}, "43": {"global_step": 15308, "best_epoch": 42, "acc": 0.23349999999999999, "best_acc": 0.253, "loss": 0.6980602762081075, "epoch_time": 212.9703187942505}, "44": {"global_step": 15664, "best_epoch": 42, "acc": 0.2425, "best_acc": 0.253, "loss": 0.6874556198846863, "epoch_time": 212.92289900779724}, "45": {"global_step": 16020, "best_epoch": 42, "acc": 0.2345, "best_acc": 0.253, "loss": 0.6776172299975092, "epoch_time": 213.07193183898926}, "46": {"global_step": 16376, "best_epoch": 42, "acc": 0.2465, "best_acc": 0.253, "loss": 0.6676600997024171, "epoch_time": 212.85619187355042}, "47": {"global_step": 16732, "best_epoch": 42, "acc": 0.235, "best_acc": 0.253, "loss": 0.6578472037764103, "epoch_time": 212.89395785331726}, "48": {"global_step": 17088, "best_epoch": 42, "acc": 0.2485, "best_acc": 0.253, "loss": 0.6472143402050974, "epoch_time": 212.89375138282776}, "49": {"global_step": 17444, "best_epoch": 42, "acc": 0.2395, "best_acc": 0.253, "loss": 0.6382656408794398, "epoch_time": 212.70408010482788}, "50": {"global_step": 17800, "best_epoch": 42, "acc": 0.243, "best_acc": 0.253, "loss": 0.6292993520221966, "epoch_time": 212.87605953216553}, "51": {"global_step": 18156, "best_epoch": 51, "acc": 0.269, "best_acc": 0.269, "loss": 0.6193953751689276, "epoch_time": 212.95676398277283}, "52": {"global_step": 18512, "best_epoch": 51, "acc": 0.269, "best_acc": 0.269, "loss": 0.6102135740254946, "epoch_time": 212.97184538841248}, "53": {"global_step": 18868, "best_epoch": 51, "acc": 0.2675, "best_acc": 0.269, "loss": 0.6005908441879713, "epoch_time": 212.89426732063293}, "54": {"global_step": 19224, "best_epoch": 54, "acc": 0.274, "best_acc": 0.274, "loss": 0.5911932061489866, "epoch_time": 212.90306997299194}, "55": {"global_step": 19580, "best_epoch": 55, "acc": 0.28,